{
  "accuracy": 1.0,
  "correct_count": 100,
  "total_count": 100,
  "avg_latency_ms": 93.7706708908081,
  "p95_latency_ms": 80.19751310348511,
  "p99_latency_ms": 101.57506227494144
}